{"accuracy": [0.49177777767181396, 0.5548666715621948, 0.5950222015380859, 0.6244221925735474, 0.6439999938011169, 0.6636000275611877, 0.6791999936103821, 0.6925110816955566, 0.7030888795852661, 0.7145110964775085, 0.723466694355011, 0.7302444577217102, 0.7364000082015991, 0.7401555776596069, 0.7597777843475342, 0.7663111090660095, 0.7679111361503601, 0.7733777761459351, 0.7735999822616577, 0.7780888676643372, 0.7796666622161865, 0.7830666899681091, 0.7923333048820496, 0.7954444289207458, 0.7954444289207458, 0.7979111075401306, 0.8003555536270142, 0.7996000051498413, 0.8013777732849121, 0.8048444390296936], "loss": [1.3943982124328613, 1.2374361753463745, 1.1360316276550293, 1.0704598426818848, 1.0121062994003296, 0.9627335667610168, 0.9215596318244934, 0.8928387761116028, 0.8589659929275513, 0.83253014087677, 0.807060956954956, 0.7927772402763367, 0.7712302207946777, 0.7538425326347351, 0.7049583792686462, 0.6822570562362671, 0.6778519749641418, 0.6643102169036865, 0.6659358739852905, 0.6480206847190857, 0.6457102298736572, 0.6336026191711426, 0.6070006489753723, 0.599086344242096, 0.6014793515205383, 0.5935416221618652, 0.5885038375854492, 0.591401219367981, 0.5800103545188904, 0.5747392177581787], "val_accuracy": [0.3986000120639801, 0.46059998869895935, 0.5238000154495239, 0.5103999972343445, 0.6179999709129333, 0.6169999837875366, 0.5997999906539917, 0.6233999729156494, 0.6841999888420105, 0.6881999969482422, 0.751800000667572, 0.7026000022888184, 0.7196000218391418, 0.7387999892234802, 0.7717999815940857, 0.7766000032424927, 0.7663999795913696, 0.7820000052452087, 0.8023999929428101, 0.7964000105857849, 0.7940000295639038, 0.7717999815940857, 0.800599992275238, 0.8090000152587891, 0.8004000186920166, 0.8095999956130981, 0.8190000057220459, 0.7897999882698059, 0.8126000165939331, 0.8198000192642212], "val_loss": [2.178436040878296, 1.6826505661010742, 1.4734033346176147, 1.6147023439407349, 1.2082598209381104, 1.2407989501953125, 1.4984465837478638, 1.2321252822875977, 0.9892598390579224, 0.9468123912811279, 0.7223266363143921, 0.9255068302154541, 0.8797582983970642, 0.76100093126297, 0.6786230206489563, 0.6476008892059326, 0.7000547647476196, 0.6458580493927002, 0.5831827521324158, 0.6220790147781372, 0.6106187701225281, 0.6632969975471497, 0.5859013199806213, 0.5625370144844055, 0.5903405547142029, 0.5589520931243896, 0.5348474979400635, 0.6250548362731934, 0.5521562695503235, 0.5244616866111755], "learning_rate": [0.0010000000474974513, 0.0010000000474974513, 0.0010000000474974513, 0.0010000000474974513, 0.0010000000474974513, 0.0010000000474974513, 0.0010000000474974513, 0.0010000000474974513, 0.0010000000474974513, 0.0010000000474974513, 0.0010000000474974513, 0.0010000000474974513, 0.0010000000474974513, 0.0010000000474974513, 0.0005000000237487257, 0.0005000000237487257, 0.0005000000237487257, 0.0005000000237487257, 0.0005000000237487257, 0.0005000000237487257, 0.0005000000237487257, 0.0005000000237487257, 0.0002500000118743628, 0.0002500000118743628, 0.0002500000118743628, 0.0002500000118743628, 0.0002500000118743628, 0.0002500000118743628, 0.0002500000118743628, 0.0002500000118743628]}